monday;Mester utca;5:12;5:20;5:28;5:36;5:44;5:52;6:00;6:08;6:16;6:24;6:32;6:40;6:48;6:56;7:04;7:12;7:20;7:28;7:36;7:44;7:52;8:00;8:08;8:16;8:24;8:32;8:40;8:48;8:56;9:04;9:12;9:20;9:28;9:36;9:44;9:52;10:00;10:08;10:16;10:24;10:32;10:40;10:48;10:56;11:04;11:12;11:20;11:28;11:36;11:44;11:52;12:00;12:08;12:16;12:24;12:32;12:40;12:48;12:56;13:04;13:12;13:20;13:28;13:36;13:44;13:52;14:00;14:08;14:16;14:24;14:32;14:40;14:48;14:56;15:04;15:12;15:20;15:28;15:36;15:44;15:52;16:00;16:08;16:16;16:24;16:32;16:40;16:48;16:56;17:04;17:12;17:20;17:28;17:36;17:44;17:52;18:00;18:08;18:16;18:24;18:32;18:40;18:48;18:56;19:04;19:12;19:20;19:28;19:36;19:44;19:52;20:00;20:08;20:16;20:24;20:32;20:40;20:48;20:56;21:04;21:12;21:20;21:28;21:36;21:44;21:52;22:00;22:08;22:16;22:24;22:32;22:40;22:48;22:56;23:04;23:12;23:20;23:28;23:36;23:44;23:52
tuesday;Mester utca;5:12;5:20;5:28;5:36;5:44;5:52;6:00;6:08;6:16;6:24;6:32;6:40;6:48;6:56;7:04;7:12;7:20;7:28;7:36;7:44;7:52;8:00;8:08;8:16;8:24;8:32;8:40;8:48;8:56;9:04;9:12;9:20;9:28;9:36;9:44;9:52;10:00;10:08;10:16;10:24;10:32;10:40;10:48;10:56;11:04;11:12;11:20;11:28;11:36;11:44;11:52;12:00;12:08;12:16;12:24;12:32;12:40;12:48;12:56;13:04;13:12;13:20;13:28;13:36;13:44;13:52;14:00;14:08;14:16;14:24;14:32;14:40;14:48;14:56;15:04;15:12;15:20;15:28;15:36;15:44;15:52;16:00;16:08;16:16;16:24;16:32;16:40;16:48;16:56;17:04;17:12;17:20;17:28;17:36;17:44;17:52;18:00;18:08;18:16;18:24;18:32;18:40;18:48;18:56;19:04;19:12;19:20;19:28;19:36;19:44;19:52;20:00;20:08;20:16;20:24;20:32;20:40;20:48;20:56;21:04;21:12;21:20;21:28;21:36;21:44;21:52;22:00;22:08;22:16;22:24;22:32;22:40;22:48;22:56;23:04;23:12;23:20;23:28;23:36;23:44;23:52
wednesday;Mester utca;5:12;5:20;5:28;5:36;5:44;5:52;6:00;6:08;6:16;6:24;6:32;6:40;6:48;6:56;7:04;7:12;7:20;7:28;7:36;7:44;7:52;8:00;8:08;8:16;8:24;8:32;8:40;8:48;8:56;9:04;9:12;9:20;9:28;9:36;9:44;9:52;10:00;10:08;10:16;10:24;10:32;10:40;10:48;10:56;11:04;11:12;11:20;11:28;11:36;11:44;11:52;12:00;12:08;12:16;12:24;12:32;12:40;12:48;12:56;13:04;13:12;13:20;13:28;13:36;13:44;13:52;14:00;14:08;14:16;14:24;14:32;14:40;14:48;14:56;15:04;15:12;15:20;15:28;15:36;15:44;15:52;16:00;16:08;16:16;16:24;16:32;16:40;16:48;16:56;17:04;17:12;17:20;17:28;17:36;17:44;17:52;18:00;18:08;18:16;18:24;18:32;18:40;18:48;18:56;19:04;19:12;19:20;19:28;19:36;19:44;19:52;20:00;20:08;20:16;20:24;20:32;20:40;20:48;20:56;21:04;21:12;21:20;21:28;21:36;21:44;21:52;22:00;22:08;22:16;22:24;22:32;22:40;22:48;22:56;23:04;23:12;23:20;23:28;23:36;23:44;23:52
thursday;Mester utca;5:12;5:20;5:28;5:36;5:44;5:52;6:00;6:08;6:16;6:24;6:32;6:40;6:48;6:56;7:04;7:12;7:20;7:28;7:36;7:44;7:52;8:00;8:08;8:16;8:24;8:32;8:40;8:48;8:56;9:04;9:12;9:20;9:28;9:36;9:44;9:52;10:00;10:08;10:16;10:24;10:32;10:40;10:48;10:56;11:04;11:12;11:20;11:28;11:36;11:44;11:52;12:00;12:08;12:16;12:24;12:32;12:40;12:48;12:56;13:04;13:12;13:20;13:28;13:36;13:44;13:52;14:00;14:08;14:16;14:24;14:32;14:40;14:48;14:56;15:04;15:12;15:20;15:28;15:36;15:44;15:52;16:00;16:08;16:16;16:24;16:32;16:40;16:48;16:56;17:04;17:12;17:20;17:28;17:36;17:44;17:52;18:00;18:08;18:16;18:24;18:32;18:40;18:48;18:56;19:04;19:12;19:20;19:28;19:36;19:44;19:52;20:00;20:08;20:16;20:24;20:32;20:40;20:48;20:56;21:04;21:12;21:20;21:28;21:36;21:44;21:52;22:00;22:08;22:16;22:24;22:32;22:40;22:48;22:56;23:04;23:12;23:20;23:28;23:36;23:44;23:52
friday;Mester utca;5:12;5:20;5:28;5:36;5:44;5:52;6:00;6:08;6:16;6:24;6:32;6:40;6:48;6:56;7:04;7:12;7:20;7:28;7:36;7:44;7:52;8:00;8:08;8:16;8:24;8:32;8:40;8:48;8:56;9:04;9:12;9:20;9:28;9:36;9:44;9:52;10:00;10:08;10:16;10:24;10:32;10:40;10:48;10:56;11:04;11:12;11:20;11:28;11:36;11:44;11:52;12:00;12:08;12:16;12:24;12:32;12:40;12:48;12:56;13:04;13:12;13:20;13:28;13:36;13:44;13:52;14:00;14:08;14:16;14:24;14:32;14:40;14:48;14:56;15:04;15:12;15:20;15:28;15:36;15:44;15:52;16:00;16:08;16:16;16:24;16:32;16:40;16:48;16:56;17:04;17:12;17:20;17:28;17:36;17:44;17:52;18:00;18:08;18:16;18:24;18:32;18:40;18:48;18:56;19:04;19:12;19:20;19:28;19:36;19:44;19:52;20:00;20:08;20:16;20:24;20:32;20:40;20:48;20:56;21:04;21:12;21:20;21:28;21:36;21:44;21:52;22:00;22:08;22:16;22:24;22:32;22:40;22:48;22:56;23:04;23:12;23:20;23:28;23:36;23:44;23:52
monday;Boráros tér;5:52;6:00;6:08;6:16;6:24;6:32;6:40;6:48;6:56;7:04;7:12;7:20;7:28;7:36;7:44;7:52;8:00;8:08;8:16;8:24;8:32;8:40;8:48;8:56;9:04;9:12;9:20;9:28;9:36;9:44;9:52;10:00;10:08;10:16;10:24;10:32;10:40;10:48;10:56;11:04;11:12;11:20;11:28;11:36;11:44;11:52;12:00;12:08;12:16;12:24;12:32;12:40;12:48;12:56;13:04;13:12;13:20;13:28;13:36;13:44;13:52;14:00;14:08;14:16;14:24;14:32;14:40;14:48;14:56;15:04;15:12;15:20;15:28;15:36;15:44;15:52;16:00;16:08;16:16;16:24;16:32;16:40;16:48;16:56;17:04;17:12;17:20;17:28;17:36;17:44;17:52;18:00;18:08;18:16;18:24;18:32;18:40;18:48;18:56;19:04;19:12;19:20;19:28;19:36;19:44;19:52;20:00;20:08;20:16;20:24;20:32;20:40;20:48;20:56;21:04;21:12;21:20;21:28;21:36;21:44;21:52;22:00;22:08;22:16;22:24;22:32;22:40;22:48;22:56;23:04;23:12;23:20;23:28;23:36;23:44;23:52;0:00;0:08;0:16;0:24;0:32
tuesday;Boráros tér;5:52;6:00;6:08;6:16;6:24;6:32;6:40;6:48;6:56;7:04;7:12;7:20;7:28;7:36;7:44;7:52;8:00;8:08;8:16;8:24;8:32;8:40;8:48;8:56;9:04;9:12;9:20;9:28;9:36;9:44;9:52;10:00;10:08;10:16;10:24;10:32;10:40;10:48;10:56;11:04;11:12;11:20;11:28;11:36;11:44;11:52;12:00;12:08;12:16;12:24;12:32;12:40;12:48;12:56;13:04;13:12;13:20;13:28;13:36;13:44;13:52;14:00;14:08;14:16;14:24;14:32;14:40;14:48;14:56;15:04;15:12;15:20;15:28;15:36;15:44;15:52;16:00;16:08;16:16;16:24;16:32;16:40;16:48;16:56;17:04;17:12;17:20;17:28;17:36;17:44;17:52;18:00;18:08;18:16;18:24;18:32;18:40;18:48;18:56;19:04;19:12;19:20;19:28;19:36;19:44;19:52;20:00;20:08;20:16;20:24;20:32;20:40;20:48;20:56;21:04;21:12;21:20;21:28;21:36;21:44;21:52;22:00;22:08;22:16;22:24;22:32;22:40;22:48;22:56;23:04;23:12;23:20;23:28;23:36;23:44;23:52;0:00;0:08;0:16;0:24;0:32
wednesday;Boráros tér;5:52;6:00;6:08;6:16;6:24;6:32;6:40;6:48;6:56;7:04;7:12;7:20;7:28;7:36;7:44;7:52;8:00;8:08;8:16;8:24;8:32;8:40;8:48;8:56;9:04;9:12;9:20;9:28;9:36;9:44;9:52;10:00;10:08;10:16;10:24;10:32;10:40;10:48;10:56;11:04;11:12;11:20;11:28;11:36;11:44;11:52;12:00;12:08;12:16;12:24;12:32;12:40;12:48;12:56;13:04;13:12;13:20;13:28;13:36;13:44;13:52;14:00;14:08;14:16;14:24;14:32;14:40;14:48;14:56;15:04;15:12;15:20;15:28;15:36;15:44;15:52;16:00;16:08;16:16;16:24;16:32;16:40;16:48;16:56;17:04;17:12;17:20;17:28;17:36;17:44;17:52;18:00;18:08;18:16;18:24;18:32;18:40;18:48;18:56;19:04;19:12;19:20;19:28;19:36;19:44;19:52;20:00;20:08;20:16;20:24;20:32;20:40;20:48;20:56;21:04;21:12;21:20;21:28;21:36;21:44;21:52;22:00;22:08;22:16;22:24;22:32;22:40;22:48;22:56;23:04;23:12;23:20;23:28;23:36;23:44;23:52;0:00;0:08;0:16;0:24;0:32
thursday;Boráros tér;5:52;6:00;6:08;6:16;6:24;6:32;6:40;6:48;6:56;7:04;7:12;7:20;7:28;7:36;7:44;7:52;8:00;8:08;8:16;8:24;8:32;8:40;8:48;8:56;9:04;9:12;9:20;9:28;9:36;9:44;9:52;10:00;10:08;10:16;10:24;10:32;10:40;10:48;10:56;11:04;11:12;11:20;11:28;11:36;11:44;11:52;12:00;12:08;12:16;12:24;12:32;12:40;12:48;12:56;13:04;13:12;13:20;13:28;13:36;13:44;13:52;14:00;14:08;14:16;14:24;14:32;14:40;14:48;14:56;15:04;15:12;15:20;15:28;15:36;15:44;15:52;16:00;16:08;16:16;16:24;16:32;16:40;16:48;16:56;17:04;17:12;17:20;17:28;17:36;17:44;17:52;18:00;18:08;18:16;18:24;18:32;18:40;18:48;18:56;19:04;19:12;19:20;19:28;19:36;19:44;19:52;20:00;20:08;20:16;20:24;20:32;20:40;20:48;20:56;21:04;21:12;21:20;21:28;21:36;21:44;21:52;22:00;22:08;22:16;22:24;22:32;22:40;22:48;22:56;23:04;23:12;23:20;23:28;23:36;23:44;23:52;0:00;0:08;0:16;0:24;0:32
friday;Boráros tér;5:52;6:00;6:08;6:16;6:24;6:32;6:40;6:48;6:56;7:04;7:12;7:20;7:28;7:36;7:44;7:52;8:00;8:08;8:16;8:24;8:32;8:40;8:48;8:56;9:04;9:12;9:20;9:28;9:36;9:44;9:52;10:00;10:08;10:16;10:24;10:32;10:40;10:48;10:56;11:04;11:12;11:20;11:28;11:36;11:44;11:52;12:00;12:08;12:16;12:24;12:32;12:40;12:48;12:56;13:04;13:12;13:20;13:28;13:36;13:44;13:52;14:00;14:08;14:16;14:24;14:32;14:40;14:48;14:56;15:04;15:12;15:20;15:28;15:36;15:44;15:52;16:00;16:08;16:16;16:24;16:32;16:40;16:48;16:56;17:04;17:12;17:20;17:28;17:36;17:44;17:52;18:00;18:08;18:16;18:24;18:32;18:40;18:48;18:56;19:04;19:12;19:20;19:28;19:36;19:44;19:52;20:00;20:08;20:16;20:24;20:32;20:40;20:48;20:56;21:04;21:12;21:20;21:28;21:36;21:44;21:52;22:00;22:08;22:16;22:24;22:32;22:40;22:48;22:56;23:04;23:12;23:20;23:28;23:36;23:44;23:52;0:00;0:08;0:16;0:24;0:32
saturday;Mester utca;15:15;15:16;15:17;15:18;15:19;15:20;15:21;15:22;15:23;15:24;15:25;15:26;15:27;15:28;15:29;15:30;15:31;15:32;15:33;15:34;15:35;15:36;15:37;15:38;15:39;15:40;15:41;15:42;15:43;15:44;15:45;15:46;15:47;15:48;15:49;15:50;15:51;15:52;15:53;15:54;15:55;15:56;15:57;15:58;15:59;16:00;16:01;16:02;16:03;16:04;16:05;16:06;16:07;16:08;16:09;16:10;16:11;16:12;16:13;16:14;16:15;16:16;16:17;16:18;16:19;16:20;16:21;16:22;16:23;16:24;16:25;16:26;16:27;16:28;16:29;16:30;16:31;16:32;16:33;16:34;16:35;16:36;16:37;16:38;16:39;16:40;16:41;16:42;16:43;16:44;16:45;16:46;16:47;16:48;16:49;16:50;16:51;16:52;16:53;16:54;16:55;16:56;16:57;16:58;16:59;17:00;17:01;17:02;17:03;17:04;17:05;17:06;17:07;17:08;17:09;17:10;17:11;17:12;17:13;17:14;17:15;17:16;17:17;17:18;17:19;17:20;17:21;17:22;17:23;17:24;17:25;17:26;17:27;17:28;17:29;17:30;17:31;17:32;17:33;17:34;17:35;17:36;17:37;17:38;17:39;17:40;17:41;17:42;17:43;17:44;17:45;17:46;17:47;17:48;17:49;17:50;17:51;17:52;17:53;17:54;17:55;17:56;17:57;17:58;17:59;18:00;18:01;18:02;18:03;18:04;18:05;18:06;18:07;18:08;18:09;18:10;18:11;18:12;18:13;18:14;18:15;18:16;18:17;18:18;18:19;18:20;18:21;18:22;18:23;18:24;18:25;18:26;18:27;18:28;18:29;18:30;18:31;18:32;18:33;18:34;18:35;18:36;18:37;18:38;18:39;18:40;18:41;18:42;18:43;18:44;18:45;18:46;18:47;18:48;18:49;18:50;18:51;18:52;18:53;18:54;18:55;18:56;18:57;18:58;18:59;19:12;19:15;19:18;19:21;19:24;19:27;19:30;19:33;19:36;19:39;19:42;19:45;19:48;19:51;19:54;19:57;20:00;20:03;20:06;20:09;20:12;20:15;20:18;20:21;20:24;20:27;20:30;20:33;20:36;20:39;20:42;20:45;20:48;20:51;20:54;20:57;21:00;21:03;21:06;21:09;21:12;21:15;21:18;21:21;21:24;21:27;21:30;21:33;21:36;21:39;21:42;21:45;21:48;21:51;21:54;21:57;22:00;22:03;22:06;22:09;22:12;22:15;22:18;22:21;22:24;22:27;22:30;22:33;22:36;22:39;22:42;22:45;22:48;22:51;22:54;22:57;23:00;23:03;23:06;23:09;23:12;23:15;23:18;23:21;23:24
sunday;Mester utca;15:15;15:16;15:17;15:18;15:19;15:20;15:21;15:22;15:23;15:24;15:25;15:26;15:27;15:28;15:29;15:30;15:31;15:32;15:33;15:34;15:35;15:36;15:37;15:38;15:39;15:40;15:41;15:42;15:43;15:44;15:45;15:46;15:47;15:48;15:49;15:50;15:51;15:52;15:53;15:54;15:55;15:56;15:57;15:58;15:59;16:00;16:01;16:02;16:03;16:04;16:05;16:06;16:07;16:08;16:09;16:10;16:11;16:12;16:13;16:14;16:15;16:16;16:17;16:18;16:19;16:20;16:21;16:22;16:23;16:24;16:25;16:26;16:27;16:28;16:29;16:30;16:31;16:32;16:33;16:34;16:35;16:36;16:37;16:38;16:39;16:40;16:41;16:42;16:43;16:44;16:45;16:46;16:47;16:48;16:49;16:50;16:51;16:52;16:53;16:54;16:55;16:56;16:57;16:58;16:59;17:00;17:01;17:02;17:03;17:04;17:05;17:06;17:07;17:08;17:09;17:10;17:11;17:12;17:13;17:14;17:15;17:16;17:17;17:18;17:19;17:20;17:21;17:22;17:23;17:24;17:25;17:26;17:27;17:28;17:29;17:30;17:31;17:32;17:33;17:34;17:35;17:36;17:37;17:38;17:39;17:40;17:41;17:42;17:43;17:44;17:45;17:46;17:47;17:48;17:49;17:50;17:51;17:52;17:53;17:54;17:55;17:56;17:57;17:58;17:59;18:00;18:01;18:02;18:03;18:04;18:05;18:06;18:07;18:08;18:09;18:10;18:11;18:12;18:13;18:14;18:15;18:16;18:17;18:18;18:19;18:20;18:21;18:22;18:23;18:24;18:25;18:26;18:27;18:28;18:29;18:30;18:31;18:32;18:33;18:34;18:35;18:36;18:37;18:38;18:39;18:40;18:41;18:42;18:43;18:44;18:45;18:46;18:47;18:48;18:49;18:50;18:51;18:52;18:53;18:54;18:55;18:56;18:57;18:58;18:59;19:12;19:15;19:18;19:21;19:24;19:27;19:30;19:33;19:36;19:39;19:42;19:45;19:48;19:51;19:54;19:57;20:00;20:03;20:06;20:09;20:12;20:15;20:18;20:21;20:24;20:27;20:30;20:33;20:36;20:39;20:42;20:45;20:48;20:51;20:54;20:57;21:00;21:03;21:06;21:09;21:12;21:15;21:18;21:21;21:24;21:27;21:30;21:33;21:36;21:39;21:42;21:45;21:48;21:51;21:54;21:57;22:00;22:03;22:06;22:09;22:12;22:15;22:18;22:21;22:24;22:27;22:30;22:33;22:36;22:39;22:42;22:45;22:48;22:51;22:54;22:57;23:00;23:03;23:06;23:09;23:12;23:15;23:18;23:21;23:24
saturday;Boráros tér;15:55;15:56;15:57;15:58;15:59;16:00;16:01;16:02;16:03;16:04;16:05;16:06;16:07;16:08;16:09;16:10;16:11;16:12;16:13;16:14;16:15;16:16;16:17;16:18;16:19;16:20;16:21;16:22;16:23;16:24;16:25;16:26;16:27;16:28;16:29;16:30;16:31;16:32;16:33;16:34;16:35;16:36;16:37;16:38;16:39;16:40;16:41;16:42;16:43;16:44;16:45;16:46;16:47;16:48;16:49;16:50;16:51;16:52;16:53;16:54;16:55;16:56;16:57;16:58;16:59;17:00;17:01;17:02;17:03;17:04;17:05;17:06;17:07;17:08;17:09;17:10;17:11;17:12;17:13;17:14;17:15;17:16;17:17;17:18;17:19;17:20;17:21;17:22;17:23;17:24;17:25;17:26;17:27;17:28;17:29;17:30;17:31;17:32;17:33;17:34;17:35;17:36;17:37;17:38;17:39;17:40;17:41;17:42;17:43;17:44;17:45;17:46;17:47;17:48;17:49;17:50;17:51;17:52;17:53;17:54;17:55;17:56;17:57;17:58;17:59;18:00;18:01;18:02;18:03;18:04;18:05;18:06;18:07;18:08;18:09;18:10;18:11;18:12;18:13;18:14;18:15;18:16;18:17;18:18;18:19;18:20;18:21;18:22;18:23;18:24;18:25;18:26;18:27;18:28;18:29;18:30;18:31;18:32;18:33;18:34;18:35;18:36;18:37;18:38;18:39;18:40;18:41;18:42;18:43;18:44;18:45;18:46;18:47;18:48;18:49;18:50;18:51;18:52;18:53;18:54;18:55;18:56;18:57;18:58;18:59;19:00;19:01;19:02;19:03;19:04;19:05;19:06;19:07;19:08;19:09;19:10;19:11;19:12;19:13;19:14;19:15;19:16;19:17;19:18;19:19;19:20;19:21;19:22;19:23;19:24;19:25;19:26;19:27;19:28;19:29;19:30;19:31;19:32;19:33;19:34;19:35;19:36;19:37;19:38;19:39;19:52;19:55;19:58;20:01;20:04;20:07;20:10;20:13;20:16;20:19;20:22;20:25;20:28;20:31;20:34;20:37;20:40;20:43;20:46;20:49;20:52;20:55;20:58;21:01;21:04;21:07;21:10;21:13;21:16;21:19;21:22;21:25;21:28;21:31;21:34;21:37;21:40;21:43;21:46;21:49;21:52;21:55;21:58;22:01;22:04;22:07;22:10;22:13;22:16;22:19;22:22;22:25;22:28;22:31;22:34;22:37;22:40;22:43;22:46;22:49;22:52;22:55;22:58;23:01;23:04;23:07;23:10;23:13;23:16;23:19;23:22;23:25;23:28;23:31;23:34;23:37;23:40;23:43;23:46;23:49;23:52;23:55;23:58;0:01;0:04
sunday;Boráros tér;15:55;15:56;15:57;15:58;15:59;16:00;16:01;16:02;16:03;16:04;16:05;16:06;16:07;16:08;16:09;16:10;16:11;16:12;16:13;16:14;16:15;16:16;16:17;16:18;16:19;16:20;16:21;16:22;16:23;16:24;16:25;16:26;16:27;16:28;16:29;16:30;16:31;16:32;16:33;16:34;16:35;16:36;16:37;16:38;16:39;16:40;16:41;16:42;16:43;16:44;16:45;16:46;16:47;16:48;16:49;16:50;16:51;16:52;16:53;16:54;16:55;16:56;16:57;16:58;16:59;17:00;17:01;17:02;17:03;17:04;17:05;17:06;17:07;17:08;17:09;17:10;17:11;17:12;17:13;17:14;17:15;17:16;17:17;17:18;17:19;17:20;17:21;17:22;17:23;17:24;17:25;17:26;17:27;17:28;17:29;17:30;17:31;17:32;17:33;17:34;17:35;17:36;17:37;17:38;17:39;17:40;17:41;17:42;17:43;17:44;17:45;17:46;17:47;17:48;17:49;17:50;17:51;17:52;17:53;17:54;17:55;17:56;17:57;17:58;17:59;18:00;18:01;18:02;18:03;18:04;18:05;18:06;18:07;18:08;18:09;18:10;18:11;18:12;18:13;18:14;18:15;18:16;18:17;18:18;18:19;18:20;18:21;18:22;18:23;18:24;18:25;18:26;18:27;18:28;18:29;18:30;18:31;18:32;18:33;18:34;18:35;18:36;18:37;18:38;18:39;18:40;18:41;18:42;18:43;18:44;18:45;18:46;18:47;18:48;18:49;18:50;18:51;18:52;18:53;18:54;18:55;18:56;18:57;18:58;18:59;19:00;19:01;19:02;19:03;19:04;19:05;19:06;19:07;19:08;19:09;19:10;19:11;19:12;19:13;19:14;19:15;19:16;19:17;19:18;19:19;19:20;19:21;19:22;19:23;19:24;19:25;19:26;19:27;19:28;19:29;19:30;19:31;19:32;19:33;19:34;19:35;19:36;19:37;19:38;19:39;19:52;19:55;19:58;20:01;20:04;20:07;20:10;20:13;20:16;20:19;20:22;20:25;20:28;20:31;20:34;20:37;20:40;20:43;20:46;20:49;20:52;20:55;20:58;21:01;21:04;21:07;21:10;21:13;21:16;21:19;21:22;21:25;21:28;21:31;21:34;21:37;21:40;21:43;21:46;21:49;21:52;21:55;21:58;22:01;22:04;22:07;22:10;22:13;22:16;22:19;22:22;22:25;22:28;22:31;22:34;22:37;22:40;22:43;22:46;22:49;22:52;22:55;22:58;23:01;23:04;23:07;23:10;23:13;23:16;23:19;23:22;23:25;23:28;23:31;23:34;23:37;23:40;23:43;23:46;23:49;23:52;23:55;23:58;0:01;0:04
